Date,Open,High,Low,Close,Adj Close,Volume
2010-06-29,19,25,17.540001,23.889999,23.889999,18766300
2010-06-30,25.790001,30.42,23.299999,23.83,23.83,17187100
2010-07-01,25,25.92,20.27,21.959999,21.959999,8218800
2010-07-02,23,23.1,18.709999,19.200001,19.200001,5139800
2010-07-06,20,20,15.83,16.110001,16.110001,6866900
2010-07-07,16.4,16.629999,14.98,15.8,15.8,6921700
2010-07-08,16.139999,17.52,15.57,17.459999,17.459999,7711400
2010-07-09,17.58,17.9,16.549999,17.4,17.4,4050600
2010-07-12,17.950001,18.07,17,17.049999,17.049999,2202500
2010-07-13,17.389999,18.639999,16.9,18.139999,18.139999,2680100
2010-07-14,17.940001,20.15,17.76,19.84,19.84,4195200
2010-07-15,19.940001,21.5,19,19.889999,19.889999,3739800
2010-07-16,20.700001,21.299999,20.049999,20.639999,20.639999,2621300
2010-07-19,21.370001,22.25,20.92,21.91,21.91,2486500
2010-07-20,21.85,21.85,20.049999,20.299999,20.299999,1825300
2010-07-21,20.66,20.9,19.5,20.219999,20.219999,1252500
2010-07-22,20.5,21.25,20.370001,21,21,957800
2010-07-23,21.190001,21.559999,21.059999,21.290001,21.290001,653600
2010-07-26,21.5,21.5,20.299999,20.950001,20.950001,922200
2010-07-27,20.91,21.18,20.26,20.549999,20.549999,619700
2010-07-28,20.549999,20.9,20.51,20.719999,20.719999,467200
2010-07-29,20.77,20.879999,20,20.35,20.35,616000
2010-07-30,20.200001,20.440001,19.549999,19.940001,19.940001,426900
2010-08-02,20.5,20.969999,20.33,20.92,20.92,718100
2010-08-03,21,21.950001,20.82,21.950001,21.950001,1230500
2010-08-04,21.950001,22.18,20.85,21.26,21.26,913000
2010-08-05,21.540001,21.549999,20.049999,20.450001,20.450001,796200
2010-08-06,20.1,20.16,19.52,19.59,19.59,741900
2010-08-09,19.9,19.98,19.450001,19.6,19.6,812700
2010-08-10,19.65,19.65,18.82,19.030001,19.030001,1281300
2010-08-11,18.690001,18.879999,17.85,17.9,17.9,797600
2010-08-12,17.799999,17.9,17.389999,17.6,17.6,691000
2010-08-13,18.18,18.450001,17.66,18.32,18.32,634000
2010-08-16,18.450001,18.799999,18.26,18.780001,18.780001,485800
2010-08-17,18.959999,19.4,18.780001,19.15,19.15,447900
2010-08-18,19.59,19.59,18.6,18.77,18.77,601300
2010-08-19,18.540001,19.25,18.33,18.790001,18.790001,579100
2010-08-20,18.65,19.110001,18.51,19.1,19.1,296000
2010-08-23,19.09,20.389999,19,20.129999,20.129999,1088100
2010-08-24,19.25,19.709999,18.950001,19.200001,19.200001,673100
2010-08-25,19.16,19.98,18.559999,19.9,19.9,503300
2010-08-26,19.889999,20.27,19.6,19.75,19.75,433800
2010-08-27,19.75,19.870001,19.5,19.700001,19.700001,379600
2010-08-30,19.700001,20.190001,19.610001,19.870001,19.870001,732800
2010-08-31,19.66,19.790001,19.33,19.48,19.48,201100
2010-09-01,19.620001,20.690001,19.6,20.450001,20.450001,494900
2010-09-02,20.370001,21.24,20.309999,21.059999,21.059999,487100
2010-09-03,20.870001,21.299999,20.66,21.049999,21.049999,434600
2010-09-07,20.610001,21,20.5,20.540001,20.540001,243400
2010-09-08,20.66,20.950001,20.6,20.9,20.9,288400
2010-09-09,21,21.049999,20.690001,20.709999,20.709999,376200
2010-09-10,20.75,20.93,19.76,20.17,20.17,386600
2010-09-13,20.889999,20.9,20.5,20.719999,20.719999,360800
2010-09-14,20.540001,21.6,20.530001,21.120001,21.120001,654700
2010-09-15,20.98,22,20.790001,21.98,21.98,684600
2010-09-16,22.15,23.16,20.84,20.940001,20.940001,2684500
2010-09-17,21.02,21.32,19.799999,20.23,20.23,1198500
2010-09-20,20.67,21.35,20.16,21.059999,21.059999,947500
2010-09-21,20.889999,21.549999,20.67,20.77,20.77,796000
2010-09-22,20.870001,20.950001,19.799999,19.870001,19.870001,962900
2010-09-23,19.889999,20.139999,19.5,19.559999,19.559999,668100
2010-09-24,19.950001,20.190001,19.65,20.1,20.1,578900
2010-09-27,20.4,20.809999,20.049999,20.530001,20.530001,418600
2010-09-28,21.040001,21.49,20.76,21.4,21.4,1214500
2010-09-29,21.190001,22.030001,21.129999,21.98,21.98,1969300
2010-09-30,22,22.15,20.190001,20.41,20.41,2195800
2010-10-01,20.690001,20.75,20.309999,20.6,20.6,597700
2010-10-04,20.43,21.17,20.299999,20.99,20.99,643600
2010-10-05,21.15,21.280001,21.01,21.120001,21.120001,332000
2010-10-06,21.059999,21.26,20.32,20.459999,20.459999,313400
2010-10-07,20.57,20.639999,20.34,20.43,20.43,141000
2010-10-08,20.43,20.790001,20.389999,20.43,20.43,267800
2010-10-11,20.440001,20.700001,20.07,20.24,20.24,171200
2010-10-12,20.200001,20.280001,20.030001,20.24,20.24,244000
2010-10-13,20.639999,20.85,20.360001,20.540001,20.540001,318200
2010-10-14,21,21.030001,20.4,20.75,20.75,294800
2010-10-15,20.889999,20.9,20.25,20.540001,20.540001,284700
2010-10-18,20.52,20.639999,20.219999,20.23,20.23,162800
2010-10-19,20.200001,20.41,20,20.049999,20.049999,245200
2010-10-20,20.16,20.690001,20.040001,20.65,20.65,312500
2010-10-21,20.610001,20.950001,20.450001,20.75,20.75,417100
2010-10-22,20.68,20.93,20.549999,20.719999,20.719999,161100
2010-10-25,20.940001,20.98,20.73,20.85,20.85,118500
2010-10-26,20.799999,21.870001,20.51,21.360001,21.360001,660900
2010-10-27,21.25,21.379999,20.65,21,21,356500
2010-10-28,21.389999,21.5,20.959999,21.190001,21.190001,224200
2010-10-29,21.139999,21.85,21.049999,21.84,21.84,280600
2010-11-01,21.940001,22.75,21.309999,21.41,21.41,455800
2010-11-02,21.68,21.879999,21.049999,21.25,21.25,322500
2010-11-03,21.280001,22.5,21.16,21.77,21.77,372600
2010-11-04,22.6,25.33,22.15,24.9,24.9,1874000
2010-11-05,24.870001,24.969999,23.719999,24.440001,24.440001,1011000
2010-11-08,24.5,25,24.030001,24.98,24.98,509500
2010-11-09,25,25.690001,24.049999,24.629999,24.629999,956400
2010-11-10,24.48,29.969999,24.049999,29.360001,29.360001,3060500
2010-11-11,28.6,29.1,27.33,28.040001,28.040001,1945300
2010-11-12,28.25,30.5,28.07,29.84,29.84,2729100
2010-11-15,30.219999,32.939999,30.219999,30.799999,30.799999,2622900
2010-11-16,31,31.4,28.42,29.67,29.67,1347600
2010-11-17,30.200001,30.75,28.610001,29.49,29.49,750000
2010-11-18,30.67,30.74,28.92,29.889999,29.889999,956100
2010-11-19,30.16,31.370001,29.700001,30.99,30.99,1150500
2010-11-22,31.57,33.450001,31.5,33.400002,33.400002,1529700
2010-11-23,33.290001,35.68,32.189999,34.57,34.57,1577800
2010-11-24,35.27,35.970001,34.330002,35.470001,35.470001,1425000
2010-11-26,35.599998,36,34.75,35.32,35.32,350600
2010-11-29,35.41,35.950001,33.330002,34.330002,34.330002,1145600
2010-11-30,33.740002,35.330002,33.41,35.330002,35.330002,2222600
2010-12-01,35.869999,36.419998,33.450001,34.349998,34.349998,1299200
2010-12-02,34.009998,34.299999,31.200001,32.349998,32.349998,2007000
2010-12-03,32.009998,32.25,30.870001,31.49,31.49,1160100
2010-12-06,31.35,31.450001,29.559999,30.309999,30.309999,1274400
2010-12-07,30.49,32.400002,30.049999,31.559999,31.559999,1311300
2010-12-08,32.48,32.490002,31.52,32.369999,32.369999,660000
2010-12-09,32.509998,32.720001,31.65,32.049999,32.049999,406000
2010-12-10,32.049999,32.919998,31.129999,31.52,31.52,429400
2010-12-13,31.639999,31.77,30.4,30.549999,30.549999,410400
2010-12-14,30.290001,30.389999,27.76,28.530001,28.530001,1765700
2010-12-15,28.67,29.969999,28.530001,29.6,29.6,742900
2010-12-16,30,30.91,29.65,30.809999,30.809999,790100
2010-12-17,31.34,31.540001,30.709999,31.360001,31.360001,813000
2010-12-20,31.639999,32.189999,31.26,31.700001,31.700001,523400
2010-12-21,31.799999,32.689999,31.709999,32.259998,32.259998,777700
2010-12-22,32.25,32.860001,31.700001,32.630001,32.630001,833300
2010-12-23,31.26,32.48,29.92,30.09,30.09,1552600
2010-12-27,28.02,28.58,25.059999,25.549999,25.549999,9301900
2010-12-28,25.85,26.75,25,26.41,26.41,4056300
2010-12-29,27.030001,28.01,26.5,27.73,27.73,3319200
2010-12-30,27.700001,27.9,26.379999,26.5,26.5,2041100
2010-12-31,26.57,27.25,26.5,26.629999,26.629999,1417900
2011-01-03,26.84,27,25.9,26.620001,26.620001,1283000
2011-01-04,26.66,26.950001,26.02,26.67,26.67,1187400
2011-01-05,26.48,26.9,26.190001,26.83,26.83,1446700
2011-01-06,26.83,28,26.809999,27.879999,27.879999,2061200
2011-01-07,28,28.58,27.9,28.24,28.24,2247900
2011-01-10,28.17,28.68,28.049999,28.450001,28.450001,1342700
2011-01-11,28.59,28.709999,26.92,26.959999,26.959999,1710200
2011-01-12,27.01,27.4,26.52,26.959999,26.959999,964400
2011-01-13,26.959999,26.969999,26.16,26.219999,26.219999,723600
2011-01-14,26.15,26.58,25.610001,25.75,25.75,1192000
2011-01-18,25.48,25.639999,24.75,25.639999,25.639999,1621700
2011-01-19,25.27,25.469999,23.75,24.030001,24.030001,2371500
2011-01-20,24.030001,24.450001,22.370001,22.620001,22.620001,2279900
2011-01-21,23.120001,23.59,22.709999,23.040001,23.040001,1217000
2011-01-24,23.530001,24.809999,23.23,24.49,24.49,1645100
2011-01-25,24.65,24.889999,24.02,24.68,24.68,1271500
2011-01-26,24.709999,24.879999,24.1,24.75,24.75,1079900
2011-01-27,24.74,25.08,24.530001,24.92,24.92,895700
2011-01-28,24.879999,24.879999,23.75,24.01,24.01,1048400
2011-01-31,24.049999,24.120001,23.5,24.1,24.1,830300
2011-02-01,24.309999,24.73,23.540001,23.91,23.91,707800
2011-02-02,24.16,24.18,23.67,23.940001,23.940001,569500
2011-02-03,23.82,23.9,23.15,23.629999,23.629999,512000
2011-02-04,23.440001,23.67,23.219999,23.459999,23.459999,544000
2011-02-07,23.26,23.26,22.879999,23.07,23.07,895100
2011-02-08,23.780001,25.25,23,24.49,24.49,3504900
2011-02-09,24.129999,24.18,22.790001,23.209999,23.209999,2635600
2011-02-10,23.26,23.639999,22.809999,23.219999,23.219999,836100
2011-02-11,23.25,23.75,22.940001,23.25,23.25,634500
2011-02-14,23.639999,24.139999,23.049999,23.08,23.08,1283100
2011-02-15,23.01,23.17,22.559999,22.84,22.84,953700
2011-02-16,23.1,24.969999,23.07,24.73,24.73,4115100
2011-02-17,24.629999,25.49,23.549999,23.6,23.6,2618400
2011-02-18,23.33,23.49,22.959999,23.18,23.18,2370700
2011-02-22,22.879999,23,21.780001,21.870001,21.870001,2064600
2011-02-23,22.18,22.5,21.110001,21.83,21.83,1605600
2011-02-24,21.780001,22.58,21.5,22.530001,22.530001,1055300
2011-02-25,22.809999,23.85,22.690001,23.610001,23.610001,1346300
2011-02-28,23.74,24.1,23.5,23.889999,23.889999,1051200
2011-03-01,24.049999,24.32,23.700001,23.940001,23.940001,1106400
2011-03-02,23.82,24.280001,23.73,24.02,24.02,663300
2011-03-03,24.48,24.790001,24.059999,24.360001,24.360001,640200
2011-03-04,24.48,24.99,23.780001,24.950001,24.950001,1580100
2011-03-07,24.93,25.4,24.700001,24.940001,24.940001,2033600
2011-03-08,24.6,24.959999,24,24.66,24.66,1399900
2011-03-09,24.66,24.99,24.27,24.719999,24.719999,924800
2011-03-10,24.440001,24.49,23.73,24.01,24.01,1017000
2011-03-11,23.85,24.25,23.530001,24.07,24.07,930800
2011-03-14,23.82,24,23.200001,23.25,23.25,1166000
2011-03-15,22.200001,22.959999,21.799999,22.950001,22.950001,1318800
2011-03-16,22.860001,23.25,22.690001,22.82,22.82,1169700
2011-03-17,23.24,23.43,22.639999,22.809999,22.809999,922600
2011-03-18,23.190001,23.190001,22.51,22.959999,22.959999,687900
2011-03-21,23.049999,23.049999,22.540001,22.73,22.73,411700
2011-03-22,22.73,22.860001,22,22.190001,22.190001,582900
2011-03-23,22.110001,22.27,21.77,22.209999,22.209999,422800
2011-03-24,22.139999,22.379999,21.98,22.33,22.33,462200
2011-03-25,22.43,23,22.4,22.75,22.75,568000
2011-03-28,22.700001,23.540001,22.549999,23.25,23.25,1058100
2011-03-29,23.299999,24,23.209999,23.92,23.92,755400
2011-03-30,24.110001,24.49,23.01,23.709999,23.709999,1223300
2011-03-31,26.549999,28.709999,26.5,27.75,27.75,11517800
2011-04-01,27.450001,28.18,26.57,26.66,26.66,2864800
2011-04-04,26.83,27,25.23,25.83,25.83,2609300
2011-04-05,25.9,27,25.690001,26.700001,26.700001,3180900
2011-04-06,26.99,27.01,25.799999,26.49,26.49,1288300
2011-04-07,26.85,27.940001,26.450001,27.24,27.24,2810300
2011-04-08,27.58,27.6,26.360001,26.49,26.49,1946400
2011-04-11,26.469999,26.530001,25.02,25.27,25.27,1369400
2011-04-12,25.08,25.209999,24.299999,24.65,24.65,1357400
2011-04-13,25.129999,25.690001,24.809999,24.93,24.93,1211500
2011-04-14,24.870001,25.280001,24.200001,25.139999,25.139999,983400
2011-04-15,25.65,26.18,25.41,25.58,25.58,943500
2011-04-18,25.129999,25.620001,24.360001,25.030001,25.030001,1033900
2011-04-19,25.26,25.26,24.65,25.16,25.16,548700
2011-04-20,25.700001,26.09,25.299999,25.75,25.75,837200
2011-04-21,25.85,26.98,25.59,26.74,26.74,1386100
2011-04-25,26.700001,26.73,25.969999,26.389999,26.389999,800900
2011-04-26,26.66,27.25,26.309999,26.93,26.93,1400000
2011-04-27,26.93,27.360001,26.629999,27.08,27.08,996900
2011-04-28,27.07,27.690001,26.719999,27.66,27.66,1600000
2011-04-29,27.690001,27.870001,27.42,27.6,27.6,726000
2011-05-02,27.6,27.799999,27.059999,27.450001,27.450001,784600
2011-05-03,27.379999,27.389999,26.5,26.870001,26.870001,913900
2011-05-04,26.780001,27,25.75,26.690001,26.690001,1044500
2011-05-05,27.200001,27.440001,26.17,26.440001,26.440001,1218500
2011-05-06,26.9,27.700001,26.620001,27.120001,27.120001,981700
2011-05-09,27,28,26.85,27.91,27.91,916400
2011-05-10,28.24,28.950001,27.91,28.33,28.33,1535300
2011-05-11,28.200001,28.299999,26.92,27.07,27.07,962500
2011-05-12,27.07,27.74,26.65,27.67,27.67,628000
2011-05-13,28,28.190001,27.299999,27.549999,27.549999,661500
2011-05-16,27.99,27.99,26.549999,26.6,26.6,755700
2011-05-17,27,27,25.719999,25.959999,25.959999,1234200
2011-05-18,26.1,26.469999,25.52,26.35,26.35,729500
2011-05-19,27.030001,28.440001,26.6,28.200001,28.200001,2655100
2011-05-20,28.26,28.280001,27.35,27.969999,27.969999,842500
2011-05-23,27.620001,27.620001,26.620001,26.82,26.82,863600
2011-05-24,27.02,27.5,26.6,26.719999,26.719999,613700
2011-05-25,26.9,29.01,26.17,28.98,28.98,4693100
2011-05-26,28.82,29.76,28.1,29.48,29.48,3336900
2011-05-27,29.540001,29.67,28.82,29.549999,29.549999,1687100
2011-05-31,29.690001,30.280001,29.549999,30.139999,30.139999,3290500
2011-06-01,30,30.1,28.379999,28.52,28.52,1529900
2011-06-02,28.52,29.32,28.51,28.76,28.76,986300
2011-06-03,29.950001,31.5,29.5,30.129999,30.129999,6209200
2011-06-06,30.1,30.129999,28.26,28.700001,28.700001,2331100
2011-06-07,28.940001,29.389999,28.26,28.370001,28.370001,1222100
2011-06-08,28.440001,28.6,27.02,27.120001,27.120001,1695900
2011-06-09,27.43,28.1,27.1,27.620001,27.620001,1603200
2011-06-10,27.52,28.299999,27.35,27.860001,27.860001,1566600
2011-06-13,28.07,28.879999,27.879999,28.43,28.43,1713400
2011-06-14,28.540001,29.700001,28.52,28.6,28.6,1573400
2011-06-15,28.440001,28.450001,27.07,27.32,27.32,1345000
2011-06-16,27.67,28,25.74,26.5,26.5,1842200
2011-06-17,26.870001,27.700001,26.139999,26.5,26.5,1714000
2011-06-20,26.290001,26.459999,25.5,26.01,26.01,1537800
2011-06-21,26.24,27.73,26,27.530001,27.530001,1496000
2011-06-22,27.370001,28.25,27.1,27.209999,27.209999,1475600
2011-06-23,27.200001,27.719999,26.209999,27.709999,27.709999,1170000
2011-06-24,27.639999,27.969999,27.26,27.57,27.57,3608500
2011-06-27,27.73,28.280001,27.309999,27.459999,27.459999,1809400
2011-06-28,27.790001,28.25,27.67,28.110001,28.110001,889200
2011-06-29,28.5,29.09,28.07,28.290001,28.290001,1461800
2011-06-30,28.5,29.33,28.4,29.129999,29.129999,946700
2011-07-01,29.07,29.6,28.799999,29.02,29.02,854900
2011-07-05,29.02,29.52,28.709999,29.139999,29.139999,996000
2011-07-06,29.139999,29.139999,28.549999,28.959999,28.959999,926900
2011-07-07,29.139999,30,29.01,29.73,29.73,1327900
2011-07-08,29.889999,29.889999,28.59,28.809999,28.809999,1240600
2011-07-11,28.4,28.530001,28,28.35,28.35,975800
2011-07-12,28.370001,29.09,28,28.17,28.17,1045400
2011-07-13,28.43,29.030001,27.9,28.639999,28.639999,1066000
2011-07-14,28.530001,28.959999,27.25,27.610001,27.610001,1159000
2011-07-15,27.790001,27.83,27.4,27.58,27.58,709000
2011-07-18,27.34,27.450001,26.629999,27.23,27.23,851900
2011-07-19,27.58,28.110001,27.540001,27.889999,27.889999,1026100
2011-07-20,28,30.440001,27.799999,28.690001,28.690001,3048300
2011-07-21,28.91,29.16,28.1,28.700001,28.700001,1011500
2011-07-22,28.700001,29.540001,28.549999,29.290001,29.290001,583500
2011-07-25,29.01,29.25,28.440001,28.49,28.49,673300
2011-07-26,28.309999,28.77,27.969999,28,28,760600
2011-07-27,28.5,28.5,27.51,27.639999,27.639999,958500
2011-07-28,27.6,28.549999,27.540001,28.17,28.17,938700
2011-07-29,27.799999,28.4,27.5,28.17,28.17,948200
2011-08-01,28.67,28.98,28.209999,28.77,28.77,1164900
2011-08-02,28.690001,29.200001,27.27,27.34,27.34,1549400
2011-08-03,27.5,27.83,26.34,27.200001,27.200001,1794500
2011-08-04,26.51,26.889999,24.67,24.75,24.75,3064500
2011-08-05,24.99,25.379999,22.83,24.24,24.24,1964400
2011-08-08,23.1,24.440001,23.1,23.639999,23.639999,2608500
2011-08-09,24.15,25.450001,23.700001,25.059999,25.059999,1333400
2011-08-10,25.440001,25.440001,23.629999,23.82,23.82,1564200
2011-08-11,24.040001,25.75,24,25.299999,25.299999,836500
2011-08-12,25.6,27.139999,25.360001,26.309999,26.309999,1009100
2011-08-15,26.620001,26.75,25.93,26.23,26.23,738600
2011-08-16,26.129999,26.540001,25.83,26.1,26.1,537700
2011-08-17,26.389999,26.65,25.51,25.83,25.83,643700
2011-08-18,25,25.15,23.469999,24.26,24.26,1056600
2011-08-19,23.860001,24.219999,22,22.299999,22.299999,1375300
2011-08-22,23.110001,23.799999,21.68,21.950001,21.950001,986100
2011-08-23,21.93,23.110001,21.5,22.959999,22.959999,869000
2011-08-24,23.1,23.93,22.83,23.870001,23.870001,684300
2011-08-25,23.870001,23.870001,22.9,23.110001,23.110001,679800
2011-08-26,22.709999,23.950001,22.07,23.73,23.73,761800
2011-08-29,24.219999,24.85,24.02,24.709999,24.709999,803400
2011-08-30,24.5,24.77,24.09,24.629999,24.629999,366200
2011-08-31,24.799999,25.5,24.280001,24.74,24.74,823800
2011-09-01,24.66,24.870001,23.84,24,24,848100
2011-09-02,23.66,23.99,22.68,23.07,23.07,769900
2011-09-06,22.5,23.200001,22.290001,22.940001,22.940001,809800
2011-09-07,23.389999,24,23.280001,23.84,23.84,459200
2011-09-08,23.58,24.030001,23.280001,23.610001,23.610001,505700
2011-09-09,23.370001,23.57,22.549999,22.969999,22.969999,669300
2011-09-12,22.5,23.309999,22.450001,22.879999,22.879999,566600
2011-09-13,23.01,24.1,22.75,24.08,24.08,726500
2011-09-14,24.25,24.84,23.790001,24.34,24.34,830800
2011-09-15,24.58,24.93,24.33,24.82,24.82,562600
2011-09-16,24.780001,25.84,24.49,25.799999,25.799999,1417100
2011-09-19,24.950001,25.809999,23.82,25.77,25.77,1157400
2011-09-20,25.98,26.6,25.67,26.01,26.01,1180400
2011-09-21,25.950001,26.950001,25.700001,25.85,25.85,987600
2011-09-22,25.639999,26.110001,24.879999,25.629999,25.629999,775800
2011-09-23,25.49,26.620001,25.35,26.379999,26.379999,1156400
2011-09-26,26.52,26.52,24.9,25.52,25.52,934800
2011-09-27,26,26.99,25.57,26.190001,26.190001,674500
2011-09-28,26,26.5,24.51,24.59,24.59,723300
2011-09-29,25.719999,25.82,23.549999,24.120001,24.120001,929600
2011-09-30,24.799999,24.889999,23.49,24.389999,24.389999,1336100
2011-10-03,24.950001,25,23.25,23.73,23.73,1023200
2011-10-04,23.290001,24.32,22.93,23.66,23.66,1200300
2011-10-05,24.030001,25.84,23.35,25.370001,25.370001,1229500
2011-10-06,25.370001,27.6,25.02,26.959999,26.959999,1769100
2011-10-07,26.98,27.6,26.049999,26.99,26.99,1311600
2011-10-10,27.309999,28.18,27,27.879999,27.879999,923500
2011-10-11,27.51,27.77,27.09,27.610001,27.610001,575700
2011-10-12,27.25,28,27.200001,27.799999,27.799999,1123400
2011-10-13,27.629999,28.469999,27.440001,27.940001,27.940001,1043500
2011-10-14,28,28.549999,27.26,28.049999,28.049999,1400500
2011-10-17,27.860001,28,27.26,27.42,27.42,754500
2011-10-18,27.299999,28.43,26.709999,28.34,28.34,999700
2011-10-19,28.02,28.059999,27.299999,27.57,27.57,792900
2011-10-20,27.440001,27.469999,27,27.34,27.34,999700
2011-10-21,27.4,28.299999,27.01,28.030001,28.030001,1142600
2011-10-24,27.870001,28.889999,27.75,28.549999,28.549999,940600
2011-10-25,28.23,28.860001,27.799999,28.25,28.25,654400
2011-10-26,28.190001,28.370001,27.4,27.98,27.98,510500
2011-10-27,28.34,28.950001,28.110001,28.76,28.76,869400
2011-10-28,28.5,30,28.01,29.870001,29.870001,1264000
2011-10-31,29.5,29.51,28.75,29.370001,29.370001,1134000
2011-11-01,28.389999,28.92,28,28.879999,28.879999,635200
2011-11-02,29,29.26,28.25,28.709999,28.709999,875300
2011-11-03,30,32.490002,29.530001,32.459999,32.459999,2509700
2011-11-04,31.459999,32.400002,30.51,32.310001,32.310001,3032900
2011-11-07,31.639999,32,30.75,31.27,31.27,1266300
2011-11-08,31.370001,32,30.719999,31.84,31.84,1167900
2011-11-09,30.870001,31.49,30.299999,30.879999,30.879999,953700
2011-11-10,30.940001,31.5,30.65,31.33,31.33,747300
2011-11-11,31.9,34.5,30.57,33.639999,33.639999,3868300
2011-11-14,33,33.540001,32.619999,33.220001,33.220001,1325700
2011-11-15,32.919998,34.400002,32.73,33.93,33.93,891000
2011-11-16,33.48,35,33.400002,34.939999,34.939999,1833200
2011-11-17,34.5,34.900002,33.189999,33.68,33.68,1349300
2011-11-18,33.639999,34.110001,32.540001,32.599998,32.599998,902800
2011-11-21,32.439999,32.439999,31.049999,31.76,31.76,1031600
2011-11-22,31.76,32.790001,31.049999,32.07,32.07,732600
2011-11-23,31.76,32.049999,31.25,31.450001,31.450001,451800
2011-11-25,31.549999,32.41,31.08,31.66,31.66,239600
2011-11-28,32,33.279999,31.809999,32.560001,32.560001,681200
2011-11-29,32.490002,33.07,31.629999,31.75,31.75,591100
2011-11-30,32.5,32.93,32.220001,32.740002,32.740002,760300
2011-12-01,32.57,33.990002,31.98,32.599998,32.599998,1030200
2011-12-02,32.830002,33.689999,32.400002,33.299999,33.299999,802800
2011-12-05,33.529999,35,33.43,34.419998,34.419998,1160100
2011-12-06,34.200001,34.98,34.029999,34.869999,34.869999,951800
2011-12-07,34.630001,34.889999,33.799999,34.189999,34.189999,674300
2011-12-08,30.84,31.65,29.610001,30.889999,30.889999,3305800
2011-12-09,30.540001,31.120001,30.280001,31.040001,31.040001,1239500
2011-12-12,30.440001,30.620001,30.02,30.41,30.41,758700
2011-12-13,30.57,30.93,28.91,29.450001,29.450001,994100
2011-12-14,29.5,29.68,28,28.530001,28.530001,1163900
2011-12-15,28.67,29.17,28.120001,28.620001,28.620001,700300
2011-12-16,28.790001,28.93,27.98,28,28,1029700
2011-12-19,28.09,28.5,27.370001,27.75,27.75,987000
2011-12-20,28.049999,28.450001,27.719999,27.9,27.9,843300
2011-12-21,27.91,28.07,26.030001,27.57,27.57,1705500
2011-12-22,27.6,28.049999,27.299999,27.77,27.77,1009400
2011-12-23,28,28,27.52,27.9,27.9,591400
2011-12-27,27.66,28.77,27.639999,28.57,28.57,777500
2011-12-28,28.99,29.24,28.040001,28.51,28.51,575200
2011-12-29,28.59,29.34,28.549999,28.73,28.73,488200
2011-12-30,28.49,28.98,28.25,28.559999,28.559999,339800
2012-01-03,28.940001,29.5,27.65,28.08,28.08,928100
2012-01-04,28.209999,28.67,27.5,27.709999,27.709999,630100
2012-01-05,27.76,27.93,26.85,27.120001,27.120001,1005500
2012-01-06,27.200001,27.790001,26.41,26.91,26.91,986300
2012-01-09,27,27.49,26.120001,27.25,27.25,897000
2012-01-10,27.440001,27.76,27.25,27.620001,27.620001,671800
2012-01-11,27.620001,28.379999,27.299999,28.23,28.23,672300
2012-01-12,28.48,28.620001,27.809999,28.25,28.25,729300
2012-01-13,28.4,28.5,22.639999,22.790001,22.790001,5500400
2012-01-17,26.620001,27.34,26.41,26.6,26.6,4651600
2012-01-18,26.690001,26.879999,26.25,26.809999,26.809999,1260200
2012-01-19,27.190001,27.74,26.610001,26.76,26.76,1246300
2012-01-20,26.9,27,26.4,26.6,26.6,662300
2012-01-23,26.809999,27.209999,26.6,26.77,26.77,594600
2012-01-24,26.629999,27.68,26.440001,27.42,27.42,858000
2012-01-25,27.27,28.01,27.049999,27.969999,27.969999,611200
2012-01-26,28.07,29.58,28,28.940001,28.940001,1271100
2012-01-27,28.5,29.719999,28.5,29.33,29.33,748400
2012-01-30,29.49,29.610001,28.530001,29.57,29.57,729000
2012-01-31,29.9,30,28.870001,29.07,29.07,956400
2012-02-01,29.07,29.700001,29,29.58,29.58,523200
2012-02-02,29.719999,30.879999,29.610001,30.25,30.25,805700
2012-02-03,30.41,31.33,30.25,31.15,31.15,764500
2012-02-06,31.1,31.9,31.049999,31.799999,31.799999,652100
2012-02-07,31.799999,31.799999,30.82,31.6,31.6,1021600
2012-02-08,31.6,32.009998,31.290001,31.93,31.93,623700
2012-02-09,32,32.900002,31.43,32.580002,32.580002,1277100
2012-02-10,32.259998,32.27,29.84,31.1,31.1,1874200
2012-02-13,31.549999,32.060001,30.9,31.49,31.49,1157900
2012-02-14,31.74,33.790001,31.4,33.169998,33.169998,1810800
2012-02-15,33.099998,34.41,32.27,33.599998,33.599998,2761800
2012-02-16,33.5,34.509998,32.540001,34.18,34.18,2219700
2012-02-17,33.990002,34.970001,33.5,34.970001,34.970001,1376700
2012-02-21,34.869999,34.869999,33.810001,34.5,34.5,1135800
2012-02-22,34.5,34.720001,32.5,34.220001,34.220001,1654600
2012-02-23,33.990002,34.970001,33.560001,34.529999,34.529999,820400
2012-02-24,34.23,34.52,33.27,33.75,33.75,959900
2012-02-27,33.41,34,33,33.619999,33.619999,606000
2012-02-28,33.639999,34.439999,33.169998,33.810001,33.810001,612200
2012-02-29,33.810001,34.119999,33.139999,33.41,33.41,535700
2012-03-01,33.509998,34.5,33.310001,34.41,34.41,703500
2012-03-02,34.400002,34.5,33.709999,34.040001,34.040001,550000
2012-03-05,34.349998,34.400002,33.459999,33.77,33.77,467000
2012-03-06,33.25,33.279999,32.619999,33.110001,33.110001,573800
2012-03-07,33.119999,33.310001,32.91,33.119999,33.119999,364900
2012-03-08,33.110001,33.490002,33.040001,33.07,33.07,633300
2012-03-09,33.200001,35.310001,33.200001,34.740002,34.740002,1553400
2012-03-12,34.689999,36.290001,34.599998,36.009998,36.009998,1963300
2012-03-13,36.509998,36.59,35.5,36.09,36.09,1001600
2012-03-14,36,36,34.799999,35.290001,35.290001,851500
2012-03-15,35.279999,35.48,34.779999,35,35,571600
2012-03-16,34.900002,35.889999,34.830002,35.32,35.32,729300
2012-03-19,35.259998,35.32,34.540001,34.98,34.98,1015600
2012-03-20,34.98,35.200001,34.57,34.959999,34.959999,567000
2012-03-21,34.939999,35.299999,34.599998,35.150002,35.150002,607200
2012-03-22,34.970001,35.150002,34.299999,34.400002,34.400002,522400
2012-03-23,34.259998,34.630001,33.150002,34.080002,34.080002,1170600
2012-03-26,35.59,38.09,35.040001,37.400002,37.400002,3140500
2012-03-27,37.16,39.950001,37.029999,37.939999,37.939999,2539200
2012-03-28,37.779999,38.439999,37.110001,37.849998,37.849998,955000
2012-03-29,38.189999,38.189999,37.029999,37.330002,37.330002,796400
2012-03-30,37.52,37.939999,36.68,37.240002,37.240002,886400
2012-04-02,37.330002,37.970001,36.529999,36.580002,36.580002,1028600
2012-04-03,36.700001,38.470001,36.669998,38.009998,38.009998,1098100
2012-04-04,35.27,35.490002,34.689999,35,35,4481800
2012-04-05,35.099998,35.439999,34.41,34.48,34.48,1509400
2012-04-09,34.099998,34.290001,33.099998,33.150002,33.150002,1655700
2012-04-10,33.150002,33.849998,32.099998,32.459999,32.459999,1847700
2012-04-11,33.240002,33.290001,32.009998,33.09,33.09,1105500
2012-04-12,33.77,34.48,32.919998,33.439999,33.439999,1033900
2012-04-13,33.939999,34.040001,32.849998,33.59,33.59,649600
2012-04-16,33.41,33.700001,32.09,32.25,32.25,1099600
2012-04-17,32.43,33.07,32.040001,32.240002,32.240002,1115500
2012-04-18,32.09,32.75,31.530001,32.66,32.66,823100
2012-04-19,32.75,33.43,32.5,33.16,33.16,774900
2012-04-20,33.139999,33.73,32.939999,33.16,33.16,821800
2012-04-23,32.860001,32.970001,31.709999,31.940001,31.940001,890800
2012-04-24,31.82,32.200001,31,31.82,31.82,674500
2012-04-25,32.07,32.990002,32.07,32.91,32.91,712200
2012-04-26,32.959999,33.52,32.91,33.490002,33.490002,425300
2012-04-27,33.599998,33.630001,32.91,33.34,33.34,591000
2012-04-30,33.27,33.360001,32.580002,33.130001,33.130001,413900
2012-05-01,33.130001,34.209999,33.130001,33.779999,33.779999,659000
2012-05-02,33.5,34.389999,33.389999,33.939999,33.939999,497300
2012-05-03,33.91,34,32.130001,32.459999,32.459999,841300
2012-05-04,32.32,32.459999,31.4,31.83,31.83,1247500
2012-05-07,31.959999,32.580002,31.610001,32.470001,32.470001,1158000
2012-05-08,32.5,32.73,29.370001,30.190001,30.190001,3097200
2012-05-09,30.299999,30.77,29.76,30.059999,30.059999,1947900
2012-05-10,32.970001,34.68,32.400002,32.959999,32.959999,5556300
2012-05-11,32.490002,33.439999,32.16,32.25,32.25,1221300
2012-05-14,31.92,32.130001,30.049999,30.059999,30.059999,1380900
2012-05-15,30.26,30.959999,29.219999,29.43,29.43,1585700
2012-05-16,29.58,30.18,28.879999,29.18,29.18,1257100
2012-05-17,29.299999,29.790001,28.24,28.57,28.57,1149000
2012-05-18,28.370001,28.459999,26.83,27.559999,27.559999,1616500
2012-05-21,27.58,29.26,27.120001,28.77,28.77,1475200
2012-05-22,30.1,31.34,30,30.799999,30.799999,2366200
2012-05-23,30.559999,31.049999,29.5,31.02,31.02,1220400
2012-05-24,31.25,31.25,29.690001,30.280001,30.280001,1075600
2012-05-25,30.16,30.41,29.200001,29.809999,29.809999,757000
2012-05-29,30.01,31.93,30.01,31.690001,31.690001,1650000
2012-05-30,31.08,31.42,30.24,30.41,30.41,1307200
2012-05-31,30.07,30.290001,28.75,29.5,29.5,1118700
2012-06-01,28.530001,29.16,27.76,28.15,28.15,885800
2012-06-04,28.030001,28.41,27.110001,27.879999,27.879999,1030900
2012-06-05,27.84,28.389999,27.559999,27.91,27.91,630900
2012-06-06,28.200001,29.450001,28.139999,29.219999,29.219999,909900
2012-06-07,29.809999,29.870001,28.85,28.93,28.93,492100
2012-06-08,28.860001,30.190001,28.15,30.08,30.08,881100
2012-06-11,30.309999,31,28.959999,29.120001,29.120001,636000
2012-06-12,29.23,29.84,28.809999,29.66,29.66,569000
2012-06-13,29.549999,30.639999,29.469999,29.77,29.77,844100
2012-06-14,30.18,30.65,28.620001,29.389999,29.389999,872200
2012-06-15,29.389999,29.950001,28.809999,29.91,29.91,646800
2012-06-18,29.940001,32.330002,29.5,31.84,31.84,1256800
2012-06-19,32.02,32.66,31.5,32.09,32.09,911100
2012-06-20,33.5,34.5,33.209999,33.779999,33.779999,3422400
2012-06-21,34.259998,34.279999,31.84,32.189999,32.189999,1891900
2012-06-22,32.599998,33.98,32.459999,33.790001,33.790001,3046600
2012-06-25,33.939999,34.119999,32.75,33.110001,33.110001,1498500
2012-06-26,32.049999,32.349998,31.389999,31.610001,31.610001,2613900
2012-06-27,31.9,32.450001,31.57,31.959999,31.959999,1047200
2012-06-28,31.9,32.110001,30.620001,31.41,31.41,914100
2012-06-29,32.799999,32.799999,31,31.290001,31.290001,1125800
2012-07-02,31.35,31.799999,30.190001,30.4,30.4,1315600
2012-07-03,30.6,31,30.4,30.66,30.66,947000
2012-07-05,30.809999,31.67,30.799999,31.23,31.23,1253800
2012-07-06,30.99,31.73,30.799999,30.99,30.99,784500
2012-07-09,30.940001,31.83,30.67,31.49,31.49,910500
2012-07-10,31.540001,32.48,30.889999,31.27,31.27,758400
2012-07-11,31.57,31.68,31.01,31.51,31.51,638600
2012-07-12,31.290001,33.009998,30.799999,32.700001,32.700001,1125700
2012-07-13,32.970001,34.400002,32.830002,34.25,34.25,1304800
2012-07-16,34.32,36,33.900002,35.959999,35.959999,1744000
2012-07-17,35,35.209999,32.380001,33.349998,33.349998,2569300
2012-07-18,31.42,33.669998,31.059999,32.150002,32.150002,2881900
2012-07-19,32.720001,33.150002,32.040001,32.27,32.27,1435900
2012-07-20,32.07,32.25,31.25,31.790001,31.790001,1568500
2012-07-23,31.049999,31.299999,30.620001,30.66,30.66,1386800
2012-07-24,30.66,31.040001,29.620001,29.84,29.84,1500300
2012-07-25,29.92,29.98,28.75,28.950001,28.950001,2842200
2012-07-26,29.9,30,27.639999,28.129999,28.129999,2262300
2012-07-27,28.709999,29.66,28.1,29.51,29.51,1673000
2012-07-30,29.51,30.25,27.209999,27.35,27.35,2065200
2012-07-31,27.540001,27.969999,27.35,27.42,27.42,1575100
2012-08-01,27.99,27.99,26.030001,26.25,26.25,1592300
2012-08-02,26.84,26.85,25.52,26.1,26.1,1305100
2012-08-03,26.9,27.549999,26.74,27.27,27.27,1209500
2012-08-06,27.549999,28.700001,27.549999,28.27,28.27,1528200
2012-08-07,28.77,30.9,28.5,30.25,30.25,2387200
2012-08-08,29.9,30,28.59,29.09,29.09,1308900
2012-08-09,29.52,30,29.129999,29.41,29.41,672600
2012-08-10,29.309999,29.940001,29.309999,29.940001,29.940001,707400
2012-08-13,29.690001,31.299999,29.1,31.17,31.17,870100
2012-08-14,30.75,31.17,29.26,29.42,29.42,793400
2012-08-15,29.389999,29.700001,28.809999,29.4,29.4,525400
2012-08-16,29.530001,30.389999,29.5,30.299999,30.299999,669000
2012-08-17,30.290001,30.709999,29.98,30.01,30.01,508200
2012-08-20,30.15,30.389999,29.1,29.51,29.51,1179100
2012-08-21,29.58,30,29,29.110001,29.110001,761600
2012-08-22,29.01,30.040001,29.01,29.950001,29.950001,775500
2012-08-23,30,30.85,29.65,30.73,30.73,1471000
2012-08-24,30.059999,30.24,29.41,29.5,29.5,1429400
2012-08-27,29.57,29.700001,28.17,28.32,28.32,1350400
2012-08-28,28.4,29.379999,28,28.690001,28.690001,1402700
2012-08-29,28.49,28.639999,28.02,28.41,28.41,838900
2012-08-30,28.6,28.74,28.1,28.41,28.41,656400
2012-08-31,28.610001,28.84,28.200001,28.52,28.52,539800
2012-09-04,28.52,28.99,27.9,28.139999,28.139999,752500
2012-09-05,28.01,28.5,27.809999,27.940001,27.940001,639300
2012-09-06,28,28.9,27.9,28.549999,28.549999,841700
2012-09-07,28.549999,29.57,28.5,29.35,29.35,953200
2012-09-10,29.200001,29.35,27.299999,27.370001,27.370001,1483300
2012-09-11,27.76,28.16,27.4,27.799999,27.799999,1014900
2012-09-12,27.9,28.58,27.799999,28.280001,28.280001,1145200
2012-09-13,28.57,29.5,28.48,29.48,29.48,1484700
2012-09-14,30,30.65,29.65,30.389999,30.389999,1536600
2012-09-17,32.349998,32.779999,31.51,32.540001,32.540001,3212800
2012-09-18,31.879999,31.9,30.68,31.34,31.34,1788500
2012-09-19,31,31.74,30.940001,31.049999,31.049999,1048500
2012-09-20,30.93,31.5,30.68,30.9,30.9,912400
2012-09-21,31.1,31.49,29.540001,30.02,30.02,1870000
2012-09-24,29.51,31.030001,29.4,30.66,30.66,1301900
2012-09-25,28.620001,29.48,27.530001,27.66,27.66,5680400
2012-09-26,27.66,28.4,27.48,27.540001,27.540001,1527200
2012-09-27,27.82,28.540001,27.6,28.49,28.49,1758600
2012-09-28,28.73,29.889999,28.610001,29.280001,29.280001,4343400
2012-10-01,29.5,29.889999,29,29.16,29.16,884400
2012-10-02,29.280001,29.889999,29,29.799999,29.799999,729000
2012-10-03,29.75,29.950001,29.24,29.299999,29.299999,1052800
2012-10-04,30,30.1,28.65,29.4,29.4,1541300
2012-10-05,29.700001,29.809999,28.68,28.889999,28.889999,938600
2012-10-08,28.860001,29.4,28.610001,29.25,29.25,889700
2012-10-09,29.120001,29.120001,28.25,28.370001,28.370001,1193000
2012-10-10,28.389999,28.719999,28.01,28.4,28.4,503600
2012-10-11,28.940001,28.98,28.25,28.32,28.32,450600
2012-10-12,28.32,28.73,27.5,27.639999,27.639999,987600
2012-10-15,28.02,28.049999,26.860001,27.33,27.33,1468700
2012-10-16,27.67,28.09,27.34,28.059999,28.059999,479300
2012-10-17,28.25,28.84,27.799999,28.82,28.82,668000
2012-10-18,28.99,28.99,27.780001,28.040001,28.040001,741000
2012-10-19,27.83,28.200001,27.299999,27.74,27.74,1027400
2012-10-22,27.99,28,27.360001,27.85,27.85,470200
2012-10-23,27.379999,28.559999,27.370001,28.389999,28.389999,749000
2012-10-24,28.52,28.52,27.25,27.42,27.42,1016400
2012-10-25,27.799999,27.799999,27.450001,27.52,27.52,577700
2012-10-26,27.530001,27.799999,27.02,27.379999,27.379999,477400
2012-10-31,27.700001,28.35,27.370001,28.129999,28.129999,775200
2012-11-01,28.25,29.49,28.200001,29.25,29.25,1024100
2012-11-02,29.27,29.549999,28.549999,28.92,28.92,1030300
2012-11-05,29.799999,31.58,29.33,31.5,31.5,2048900
2012-11-06,30.610001,31.200001,29.950001,31.15,31.15,2324000
2012-11-07,31,32.049999,30.809999,31.540001,31.540001,1714500
2012-11-08,31.01,31.879999,30.940001,31.309999,31.309999,1274000
2012-11-09,30.6,30.93,29.85,30.32,30.32,863000
2012-11-12,30.290001,31.42,30.16,31.07,31.07,555900
2012-11-13,31.290001,32,30.719999,31.610001,31.610001,998300
2012-11-14,31.959999,32.119999,31.200001,31.379999,31.379999,871300
2012-11-15,31.299999,31.440001,30.5,30.82,30.82,984000
2012-11-16,31.15,32,30.59,31.84,31.84,908700
2012-11-19,32.07,33.25,31.84,32.919998,32.919998,1392400
2012-11-20,32.799999,33.099998,31.91,33,33,922500
2012-11-21,32.610001,33.470001,32.290001,32.470001,32.470001,963200
2012-11-23,32.599998,32.830002,31.700001,32.130001,32.130001,430300
2012-11-26,32.099998,32.299999,31.620001,32.27,32.27,495800
2012-11-27,32.130001,32.66,31.52,32.150002,32.150002,910800
2012-11-28,32,34.290001,31.91,33.23,33.23,1525200
2012-11-29,33.439999,34,32.869999,33.689999,33.689999,1103400
2012-11-30,33.630001,34.279999,33.009998,33.82,33.82,1420300
2012-12-03,33.889999,35,33.5,34.619999,34.619999,2085700
2012-12-04,34.080002,34.799999,33.549999,33.900002,33.900002,1263300
2012-12-05,33.82,34.189999,33.580002,33.709999,33.709999,661500
2012-12-06,33.82,34.799999,33.5,33.900002,33.900002,660400
2012-12-07,34.299999,34.490002,33.849998,34.169998,34.169998,664400
2012-12-10,34.43,34.799999,34.18,34.57,34.57,929800
2012-12-11,34.599998,35.5,34.459999,35.279999,35.279999,1572600
2012-12-12,35.209999,35.799999,34.950001,35.259998,35.259998,2063800
2012-12-13,35.259998,35.299999,32.75,33.610001,33.610001,2151300
2012-12-14,33.779999,34.400002,33.59,33.810001,33.810001,1023000
2012-12-17,33.77,34.5,33.75,34.400002,34.400002,824900
2012-12-18,34.259998,35.07,34.259998,34.59,34.59,1553900
2012-12-19,34.75,35.259998,34.52,34.610001,34.610001,1298800
2012-12-20,34.509998,34.790001,34.049999,34.43,34.43,921200
2012-12-21,33.939999,34.169998,33.580002,34,34,1492400
2012-12-24,33.639999,34.349998,33.549999,34.279999,34.279999,375800
2012-12-26,33.959999,34.5,33.5,33.59,33.59,601400
2012-12-27,33.5,33.91,33,33.689999,33.689999,561100
2012-12-28,33.380001,33.650002,33.02,33.220001,33.220001,414100
2012-12-31,33,33.970001,33,33.869999,33.869999,594900
2013-01-02,35,35.450001,34.709999,35.360001,35.360001,1194800
2013-01-03,35.18,35.450001,34.75,34.77,34.77,742000
2013-01-04,34.799999,34.799999,33.919998,34.400002,34.400002,674000
2013-01-07,34.799999,34.799999,33.900002,34.34,34.34,442000
2013-01-08,34.5,34.5,33.110001,33.68,33.68,1284000
2013-01-09,34.009998,34.189999,33.400002,33.639999,33.639999,698000
2013-01-10,33.869999,33.990002,33.380001,33.529999,33.529999,922500
2013-01-11,34.040001,34.040001,32.110001,32.91,32.91,1563200
2013-01-14,33.080002,33.380001,32.849998,33.259998,33.259998,925100
2013-01-15,33.110001,34.25,33.080002,33.900002,33.900002,1624200
2013-01-16,33.849998,34.23,33.73,34.099998,34.099998,1378200
2013-01-17,34.16,34.849998,33.919998,34.380001,34.380001,1436700
2013-01-18,34.740002,34.779999,33.82,34.52,34.52,3555100
2013-01-22,34.560001,35.549999,34.259998,35.189999,35.189999,1920200
2013-01-23,35.02,36.240002,34.959999,36,36,1564300
2013-01-24,36,37.720001,35.84,36.990002,36.990002,1970400
2013-01-25,37,37.540001,36.799999,36.98,36.98,1287800
2013-01-28,36.860001,38.709999,36.860001,38.029999,38.029999,1986000
2013-01-29,38.099998,38.439999,37.130001,37.950001,37.950001,1426600
2013-01-30,37.849998,38,37.43,37.52,37.52,968100
2013-01-31,37.869999,37.869999,36.93,37.509998,37.509998,901400
2013-02-01,38.169998,38.5,37.619999,38.299999,38.299999,1100600
2013-02-04,38.400002,38.419998,37.59,37.740002,37.740002,1128000
2013-02-05,38,38.650002,37.68,38.130001,38.130001,1310200
2013-02-06,38.18,39.389999,37.900002,39.169998,39.169998,1893200
2013-02-07,39.189999,39.68,38.950001,39.48,39.48,1196600
2013-02-08,39.450001,40,39.139999,39.240002,39.240002,1139800
2013-02-11,37.98,39.150002,37.5,38.419998,38.419998,3266300
2013-02-12,38.450001,38.869999,37.290001,37.889999,37.889999,2261300
2013-02-13,38.299999,39,38.049999,38.450001,38.450001,966800
2013-02-14,38.639999,38.75,38.209999,38.27,38.27,990700
2013-02-15,38.5,38.509998,36.950001,37.040001,37.040001,2017600
2013-02-19,37.360001,39.290001,37.310001,39.279999,39.279999,2701400
2013-02-20,39.299999,39.650002,38.459999,38.540001,38.540001,3122000
2013-02-21,36.490002,37.389999,34.540001,35.16,35.16,9037800
2013-02-22,35.720001,36.389999,35.599998,36.110001,36.110001,2547300
2013-02-25,36.150002,36.75,34.34,34.380001,34.380001,2889400
2013-02-26,34.459999,34.959999,33.799999,34.43,34.43,2762900
2013-02-27,34.41,35.41,34.400002,35.099998,35.099998,1959200
2013-02-28,35.889999,36.099998,34.369999,34.830002,34.830002,1964900
2013-03-01,35,35.080002,34.25,34.650002,34.650002,1546600
2013-03-04,34.77,35.830002,34.700001,35.580002,35.580002,1757700
2013-03-05,36,36.919998,35.790001,36.650002,36.650002,2087000
2013-03-06,37.009998,37.880001,36.970001,37.689999,37.689999,1150000
2013-03-07,37.73,38.650002,36.880001,38.23,38.23,1158300
2013-03-08,38.060001,39.439999,37.360001,38.470001,38.470001,912100
2013-03-11,38.869999,39.439999,38.650002,39.099998,39.099998,1579500
2013-03-12,38.900002,39.380001,38.849998,39.119999,39.119999,1275100
2013-03-13,39,39.490002,38.810001,38.98,38.98,822000
2013-03-14,38.900002,38.91,36.77,36.849998,36.849998,2021000
2013-03-15,36.639999,36.650002,35.209999,35.290001,35.290001,3279600
2013-03-18,35.299999,36.060001,34.919998,35.150002,35.150002,1316100
2013-03-19,35.25,35.599998,34.939999,35.080002,35.080002,1098500
2013-03-20,35.259998,36.07,35.16,35.950001,35.950001,1423000
2013-03-21,35.950001,37.060001,35.740002,36.009998,36.009998,1146300
2013-03-22,36.200001,36.799999,36.200001,36.619999,36.619999,440200
2013-03-25,37.099998,38.52,36.77,37.529999,37.529999,2378800
2013-03-26,37.98,38.220001,37.66,37.860001,37.860001,1808200
2013-03-27,37.939999,38.380001,37.310001,38.16,38.16,1296300
2013-03-28,38.23,38.240002,37.75,37.889999,37.889999,1158700
2013-04-01,42.360001,46.68,41.700001,43.93,43.93,14098500
2013-04-02,43.599998,45.5,43.509998,44.34,44.34,6652400
2013-04-03,43.099998,43.470001,40.209999,41.099998,41.099998,5643600
2013-04-04,41.110001,42.25,40.810001,42.009998,42.009998,2264800
2013-04-05,42,42,40.5,41.369999,41.369999,1552400
2013-04-08,41.970001,42.549999,41.509998,41.830002,41.830002,1679000
2013-04-09,41.799999,41.830002,40.330002,40.5,40.5,1696100
2013-04-10,40.700001,42.009998,40.610001,41.860001,41.860001,2121100
2013-04-11,42.060001,44.549999,41.75,43.59,43.59,3447400
2013-04-12,43.25,45.139999,43.049999,43.75,43.75,3149400
2013-04-15,43.5,43.799999,42.509998,43.299999,43.299999,1681400
2013-04-16,44.189999,46.139999,43.91,45.59,45.59,3180400
2013-04-17,45.5,45.950001,44.540001,45.450001,45.450001,2118500
2013-04-18,45.98,47.599998,45.389999,46.970001,46.970001,3367900
2013-04-19,47.459999,49.880001,47.07,47.830002,47.830002,3011700
2013-04-22,48.599998,50.200001,47.75,50.189999,50.189999,3939400
2013-04-23,51,52.919998,50.66,51.009998,51.009998,3733800
2013-04-24,50.900002,51.049999,48.98,50.43,50.43,2630000
2013-04-25,50.5,52.400002,50.5,52,52,2795900
2013-04-26,53.130001,53.740002,50.619999,51.200001,51.200001,3622100
2013-04-29,51.759998,54.990002,51.200001,54.939999,54.939999,3639700
2013-04-30,56,58.18,53.759998,53.990002,53.990002,5522600
2013-05-01,55.990002,55.990002,53,53.279999,53.279999,2742800
2013-05-02,53.849998,55.27,53.700001,54.110001,54.110001,3050400
2013-05-03,56.470001,56.470001,54.5,54.549999,54.549999,3378700
2013-05-06,56.389999,59.66,55.5,59.5,59.5,4366700
2013-05-07,62,62.369999,55.119999,55.509998,55.509998,9991000
2013-05-08,57.5,58.200001,55.709999,55.790001,55.790001,6769900
2013-05-09,70.120003,75.769997,63.689999,69.400002,69.400002,28605000
2013-05-10,69.650002,81,69.25,76.760002,76.760002,25082600
2013-05-13,80.989998,88,79.150002,87.800003,87.800003,22416900
2013-05-14,94.220001,97.120003,81.150002,83.239998,83.239998,37163900
2013-05-15,81.800003,86.879997,78.110001,84.839996,84.839996,16878700
2013-05-16,94.699997,95,88.660004,92.25,92.25,21614000
2013-05-17,92.5,94.440002,87.5,91.5,91.5,19002200
2013-05-20,91.120003,92.5,88.629997,89.940002,89.940002,8348400
2013-05-21,88.5,89.989998,85.279999,87.589996,87.589996,8998200
2013-05-22,86.370003,90.959999,85.5,87.239998,87.239998,8568000
2013-05-23,84.809998,93.010002,83.050003,92.730003,92.730003,12022200
2013-05-24,92.599998,97.949997,92,97.080002,97.080002,16124200
2013-05-28,101.550003,110.75,100.300003,110.330002,110.330002,19691900
2013-05-29,113.550003,114.900002,99,104.629997,104.629997,25099500
2013-05-30,102.459999,109.540001,101.199997,104.949997,104.949997,16133700
2013-05-31,106.260002,106.440002,97.730003,97.760002,97.760002,15172000
2013-06-03,97.620003,97.620003,88.25,92.589996,92.589996,19139600
2013-06-04,92.75,96.419998,92.400002,94.839996,94.839996,8856100
2013-06-05,93.660004,97.970001,89.110001,95.370003,95.370003,12224800
2013-06-06,95.25,99.269997,95.110001,97.349998,97.349998,9510900
2013-06-07,98,102.900002,96.699997,102.040001,102.040001,10711600
2013-06-10,98.93,102.519997,98.57,100.050003,100.050003,9228600
2013-06-11,98.18,98.68,94.050003,94.470001,94.470001,7394000
2013-06-12,96.800003,100.480003,95.75,97.730003,97.730003,9192700
2013-06-13,99,99.279999,95.120003,98.18,98.18,5961600
2013-06-14,100,102.519997,99.330002,100.300003,100.300003,6564700
2013-06-17,103.599998,104.75,101.199997,102.199997,102.199997,7066200
2013-06-18,101.75,103.980003,99.199997,103.389999,103.389999,8795300
2013-06-19,102.059998,106.669998,102.010002,104.68,104.68,8578900
2013-06-20,104.650002,107.129997,99.449997,100.650002,100.650002,10106500
2013-06-21,103.699997,103.699997,97.5,99.550003,99.550003,11718600
2013-06-24,96.5,102.870003,95.300003,101.489998,101.489998,7119800
2013-06-25,103.099998,104.199997,100.550003,102.400002,102.400002,5848700
2013-06-26,103.800003,105.870003,102.660004,105.720001,105.720001,6602600
2013-06-27,106.75,110.25,106.129997,109.25,109.25,8744900
2013-06-28,108.57,109.440002,106.709999,107.360001,107.360001,5748600
2013-07-01,109.360001,117.769997,109.150002,117.18,117.18,10903600
2013-07-02,118.25,121.889999,115.5,117.82,117.82,12064100
2013-07-03,118,119.25,114.269997,115.239998,115.239998,4806700
2013-07-05,118.32,120.279999,115.699997,120.089996,120.089996,6818700
2013-07-08,121.370003,122.18,118.82,121.610001,121.610001,7814200
2013-07-09,124.639999,125.32,121.910004,123.449997,123.449997,8603300
2013-07-10,123.190002,123.25,120.790001,122.269997,122.269997,5600100
2013-07-11,124.879997,126.089996,122.349998,125.610001,125.610001,7483600
2013-07-12,125.5,129.940002,124.510002,129.899994,129.899994,11344000
2013-07-15,133.029999,133.259995,126.82,127.260002,127.260002,9922400
2013-07-16,126.279999,126.32,107.300003,109.050003,109.050003,32371900
2013-07-17,106.519997,121.620003,104.5,120.25,120.25,26029000
2013-07-18,120.970001,122.730003,116.18,119.029999,119.029999,11398100
2013-07-19,118.5,120.550003,116.510002,119.68,119.68,5890300
2013-07-22,119.889999,126.68,119.879997,122.43,122.43,9797800
2013-07-23,124,125.559998,121.82,122.739998,122.739998,7736400
2013-07-24,124.470001,124.5,119.559998,121.699997,121.699997,6869000
2013-07-25,120.400002,124.75,120.190002,124.07,124.07,5284300
2013-07-26,128.139999,130.679993,126.610001,129.389999,129.389999,9633100
2013-07-29,129.320007,135.369995,128.25,134.619995,134.619995,9678900
2013-07-30,134.800003,137.490005,128.179993,131.740005,131.740005,13127000
2013-07-31,132.570007,134.970001,131.449997,134.279999,134.279999,6351700
2013-08-01,135,136.520004,132.630005,135.550003,135.550003,5323600
2013-08-02,134.589996,138.25,133.610001,138,138,6269900
2013-08-05,140.009995,144.889999,139.649994,144.679993,144.679993,10200700
2013-08-06,144.75,145.729996,141.100006,142.149994,142.149994,9254500
2013-08-07,141.889999,141.949997,132.360001,134.229996,134.229996,18212200
2013-08-08,154.350006,158.880005,150.460007,153.479996,153.479996,27246800
2013-08-09,152.399994,155.949997,151.25,153,153,8927700
2013-08-12,149.429993,150.5,142.050003,147.380005,147.380005,14912200
2013-08-13,149.5,149.839996,144.449997,145.429993,145.429993,8748900
2013-08-14,142.720001,144.839996,138.050003,139.360001,139.360001,11693800
2013-08-15,136.429993,143.600006,135,139.669998,139.669998,10179200
2013-08-16,141.630005,143.910004,140.970001,142,142,7108100
2013-08-19,143.429993,147.380005,142.830002,144.899994,144.899994,8037700
2013-08-20,148.649994,149.779999,147,149.580002,149.580002,6418200
2013-08-21,150,150.309998,146.25,147.860001,147.860001,6266300
2013-08-22,149.220001,157.479996,148.139999,157.100006,157.100006,10592400
2013-08-23,157,162.300003,155,161.839996,161.839996,12931900
2013-08-26,165.149994,173,160.25,164.220001,164.220001,24171100
2013-08-27,162.300003,168.800003,160.949997,167.009995,167.009995,17566900
2013-08-28,169.059998,171.5,163.25,166.449997,166.449997,14740100
2013-08-29,164.220001,167.75,162.509995,166.059998,166.059998,9436000
2013-08-30,166.369995,169.210007,163.960007,169,169,11028400
2013-09-03,173.399994,173.699997,166.399994,168.940002,168.940002,12061100
2013-09-04,169.770004,171.619995,165.559998,170.619995,170.619995,11475700
2013-09-05,170.100006,171.5,168.25,169.929993,169.929993,6685300
2013-09-06,168.570007,169.699997,165.149994,166.970001,166.970001,8619700
2013-09-09,163.119995,164.5,158.509995,160.699997,160.699997,14344500
2013-09-10,161.449997,167.5,160.630005,166.369995,166.369995,8967800
2013-09-11,166.410004,167.899994,162.130005,163.520004,163.520004,5832500
2013-09-12,164,166.759995,160.509995,164.929993,164.929993,6160000
2013-09-13,162.770004,166.369995,162.160004,165.539993,165.539993,5401200
2013-09-16,168,170.850006,165.850006,166.580002,166.580002,7574900
2013-09-17,165.080002,168.419998,163.360001,166.229996,166.229996,5496900
2013-09-18,167.070007,167.449997,164.199997,166.220001,166.220001,5439700
2013-09-19,170.800003,180.470001,169.080002,177.919998,177.919998,15594600
2013-09-20,178.899994,185.830002,178.559998,183.389999,183.389999,13401700
2013-09-23,184.479996,185.479996,177.110001,181.110001,181.110001,8173400
2013-09-24,179.139999,184.960007,177.649994,182.330002,182.330002,6273400
2013-09-25,183.559998,186.300003,180.5,185.240005,185.240005,8252700
2013-09-26,186.699997,189.679993,185.610001,188.639999,188.639999,6614400
2013-09-27,187.520004,191.279999,186.429993,190.899994,190.899994,5916400
2013-09-30,189,194.5,188,193.369995,193.369995,8924700
2013-10-01,193.960007,194.229996,188.369995,193,193,7755900
2013-10-02,188.589996,191.830002,175.399994,180.949997,180.949997,20775400
2013-10-03,175.050003,179.690002,168,173.309998,173.309998,23816500
2013-10-04,176.399994,181.179993,172.649994,180.979996,180.979996,14414000
2013-10-07,182.460007,186.729996,180.259995,183.070007,183.070007,11485600
2013-10-08,184.399994,185.929993,173.210007,174.729996,174.729996,13757200
2013-10-09,174.729996,174.990005,161.5,168.779999,168.779999,15316500
2013-10-10,173.089996,175.75,169.690002,172.929993,172.929993,8883900
2013-10-11,172.75,179.289993,171.199997,178.699997,178.699997,8311100
2013-10-14,175,182.5,174.149994,179.720001,179.720001,7769600
2013-10-15,185.279999,188.789993,183.179993,183.940002,183.940002,10978500
2013-10-16,184.899994,187.300003,182.089996,183.559998,183.559998,8205400
2013-10-17,183.539993,184.800003,180.990005,182.800003,182.800003,6705000
2013-10-18,184.149994,185.960007,182.520004,183.399994,183.399994,5930800
2013-10-21,183.279999,183.389999,171,172.600006,172.600006,11532100
2013-10-22,170.5,177.779999,166.110001,171.539993,171.539993,11386700
2013-10-23,168.910004,171.809998,160.149994,164.5,164.5,13320400
2013-10-24,165,174.5,162.830002,173.149994,173.149994,10825700
2013-10-25,174.210007,174.5,166.800003,169.660004,169.660004,7595500
2013-10-28,170.179993,170.5,162.199997,162.860001,162.860001,7841700
2013-10-29,162.759995,165.449997,153,164.470001,164.470001,14111700
2013-10-30,164.630005,167.679993,158.169998,159.220001,159.220001,8401800
2013-10-31,155.669998,162.440002,153.300003,159.940002,159.940002,9333800
2013-11-01,163,165.899994,160.410004,162.169998,162.169998,7180600
2013-11-04,165,175.389999,164.220001,175.199997,175.199997,13120400
2013-11-05,180,181.429993,171.360001,176.809998,176.809998,22467100
2013-11-06,154.809998,160.729996,146.350006,151.160004,151.160004,31071700
2013-11-07,144.190002,145.649994,137.619995,139.770004,139.770004,22284700
2013-11-08,136.479996,140.600006,132.320007,137.949997,137.949997,22477900
2013-11-11,141,145.419998,137.100006,144.699997,144.699997,13997600
2013-11-12,144.690002,144.699997,136.179993,137.800003,137.800003,14985200
2013-11-13,140.839996,142.369995,136.339996,138.699997,138.699997,12658300
2013-11-14,138.919998,140.399994,134.110001,137.600006,137.600006,12203700
2013-11-15,136.850006,137.949997,134.350006,135.449997,135.449997,9900200
2013-11-18,135.270004,135.449997,119.610001,121.580002,121.580002,23138200
2013-11-19,119.43,129,119.220001,126.089996,126.089996,19816200
2013-11-20,126.080002,127.449997,119.059998,121.110001,121.110001,13849600
2013-11-21,122.889999,124.790001,120.25,122.099998,122.099998,11903800
2013-11-22,121.580002,122.75,117.93,121.379997,121.379997,11096700
2013-11-25,124.5,125.839996,120.300003,120.839996,120.839996,10267300
2013-11-26,119.379997,122.720001,116.099998,120.5,120.5,13885500
2013-11-27,121.309998,126.949997,119.519997,126.940002,126.940002,12367600
2013-11-29,129.770004,130.589996,126.980003,127.279999,127.279999,9716200
2013-12-02,126.349998,128.550003,123.93,124.169998,124.169998,7751200
2013-12-03,132.679993,144.940002,131.589996,144.699997,144.699997,25682400
2013-12-04,144.320007,144.429993,137.130005,138.949997,138.949997,13147700
2013-12-05,140.149994,143.350006,139.5,140.479996,140.479996,9288400
2013-12-06,141.509995,142.490005,136.300003,137.360001,137.360001,7909600
2013-12-09,137,141.699997,134.210007,141.600006,141.600006,9061500
2013-12-10,140.050003,145.869995,139.860001,142.190002,142.190002,10748200
2013-12-11,141.880005,143.050003,139.490005,139.649994,139.649994,7137800
2013-12-12,139.699997,148.240005,138.529999,147.470001,147.470001,10767800
2013-12-13,148.050003,151.800003,147.320007,147.649994,147.649994,10591900
2013-12-16,148.479996,150.429993,146.100006,147.940002,147.940002,6675300
2013-12-17,147.580002,154.630005,146.320007,152.460007,152.460007,10495000
2013-12-18,152.240005,154.899994,145.949997,147.979996,147.979996,11581900
2013-12-19,146.899994,147,139.100006,140.720001,140.720001,12740000
2013-12-20,141.580002,144.350006,141.580002,143.240005,143.240005,7412600
2013-12-23,144.850006,146.240005,142.600006,143.550003,143.550003,5385500
2013-12-24,150,154.970001,149.820007,151.410004,151.410004,9941500
2013-12-26,155.039993,158,154.289993,155.5,155.5,7129500
2013-12-27,155.300003,155.5,150.800003,151.119995,151.119995,5460200
2013-12-30,151.119995,154.809998,150.75,152.440002,152.440002,4467500
2013-12-31,152.320007,153.199997,148.660004,150.429993,150.429993,4262400
2014-01-02,149.800003,152.479996,146.550003,150.100006,150.100006,6188400
2014-01-03,150,152.190002,148.600006,149.559998,149.559998,4695000
2014-01-06,150,150.399994,145.240005,147,147,5361100
2014-01-07,147.619995,150.399994,145.25,149.360001,149.360001,5034100
2014-01-08,148.850006,153.699997,148.759995,151.279999,151.279999,6163200
2014-01-09,152.5,153.429993,146.850006,147.529999,147.529999,5382000
2014-01-10,148.460007,148.899994,142.25,145.720001,145.720001,7446100
2014-01-13,145.779999,147,137.820007,139.339996,139.339996,6316100
2014-01-14,140.5,162,136.669998,161.270004,161.270004,27607000
2014-01-15,168.449997,172.229996,162.100006,164.130005,164.130005,20465600
2014-01-16,162.5,172.699997,162.399994,170.970001,170.970001,11959400
2014-01-17,170.190002,173.199997,167.949997,170.009995,170.009995,9206200
2014-01-21,171.240005,177.289993,170.809998,176.679993,176.679993,9734700
2014-01-22,177.809998,180.320007,174.759995,178.559998,178.559998,7022600
2014-01-23,177.229996,182.380005,173.419998,181.5,181.5,7867400
2014-01-24,177.850006,180.479996,173.529999,174.600006,174.600006,7664300
2014-01-27,175.160004,177.919998,164.710007,169.619995,169.619995,8716400
2014-01-28,171.5,178.979996,171,178.380005,178.380005,6093400
2014-01-29,175.300003,179.089996,173.130005,175.229996,175.229996,5935500
2014-01-30,178,184.779999,177.009995,182.839996,182.839996,8565000
2014-01-31,178.850006,186,178.509995,181.410004,181.410004,6508800
2014-02-03,182.889999,184.880005,175.160004,177.110001,177.110001,6764900
2014-02-04,180.699997,181.600006,176.199997,178.729996,178.729996,4686300
2014-02-05,178.300003,180.589996,169.360001,174.419998,174.419998,7268000
2014-02-06,176.300003,180.110001,176,178.380005,178.380005,5841600
2014-02-07,181.009995,186.630005,179.600006,186.529999,186.529999,8928500
2014-02-10,189.339996,199.300003,189.320007,196.559998,196.559998,12970700
2014-02-11,198.970001,202.199997,192.699997,196.619995,196.619995,10709900
2014-02-12,195.779999,198.270004,194.320007,195.320007,195.320007,5173700
2014-02-13,193.339996,202.720001,193.25,199.630005,199.630005,8029300
2014-02-14,198.100006,201.880005,197,198.229996,198.229996,6158000
2014-02-18,205.240005,206,201.360001,203.699997,203.699997,9332800
2014-02-19,203.699997,203.699997,193.410004,193.639999,193.639999,16169000
2014-02-20,215.009995,215.210007,206.270004,209.970001,209.970001,18002300
2014-02-21,211.639999,213.979996,209.190002,209.600006,209.600006,7818800
2014-02-24,208.759995,218.360001,208.320007,217.649994,217.649994,8278400
2014-02-25,230,259.200012,228.449997,248,248,32681700
2014-02-26,258.579987,265,247.5,253,253,24604600
2014-02-27,261.25,261.899994,248.330002,252.539993,252.539993,17945800
2014-02-28,249.649994,252.679993,242.550003,244.809998,244.809998,14589800
2014-03-03,237.259995,251.649994,234.990005,250.559998,250.559998,13089300
2014-03-04,258.480011,260,252.830002,254.839996,254.839996,8745600
2014-03-05,256.720001,256.98999,251.800003,252.660004,252.660004,5935700
2014-03-06,254.139999,257.5,249.449997,252.940002,252.940002,7361100
2014-03-07,252.940002,254.850006,244.410004,246.210007,246.210007,7812300
2014-03-10,242.699997,243,236.059998,238.839996,238.839996,7728100
2014-03-11,236.5,244.600006,232.429993,234.410004,234.410004,8810100
2014-03-12,231.5,247.5,231.110001,241.490005,241.490005,9754400
2014-03-13,243.789993,244.190002,234,237.789993,237.789993,6236300
2014-03-14,235.289993,236.940002,228.320007,230.970001,230.970001,8289700
2014-03-17,234.949997,237.929993,230.5,233.979996,233.979996,5912600
2014-03-18,236.949997,241.5,235.020004,240.039993,240.039993,6242300
2014-03-19,241.389999,241.550003,233.509995,235.839996,235.839996,5071300
2014-03-20,236.160004,239.25,233.360001,234.910004,234.910004,3817900
2014-03-21,236.020004,236.199997,227.5,228.889999,228.889999,8216900
2014-03-24,229.75,229.899994,210.270004,220.169998,220.169998,11328800
2014-03-25,224.139999,227.050003,217.899994,220.440002,220.440002,7865400
2014-03-26,221.949997,222.600006,211.350006,212.960007,212.960007,6907300
2014-03-27,212.369995,213.600006,203,207.320007,207.320007,9495700
2014-03-28,212.800003,216.720001,210.270004,212.369995,212.369995,9684800
2014-03-31,216.5,216.75,206.389999,208.449997,208.449997,8380000
2014-04-01,209.020004,218.160004,208.580002,216.970001,216.970001,7371400
2014-04-02,220,230.889999,218.050003,230.289993,230.289993,10782300
2014-04-03,230.300003,235.729996,222,225.399994,225.399994,10923700
2014-04-04,226.009995,228.270004,211.25,212.229996,212.229996,11345600
2014-04-07,205.809998,216.199997,203.509995,207.520004,207.520004,9855500
2014-04-08,210.050003,216.490005,206.419998,215.460007,215.460007,6889300
2014-04-09,216.759995,218.449997,210.889999,216.929993,216.929993,5157900
2014-04-10,216.820007,217.5,203.789993,204.190002,204.190002,7211500
2014-04-11,200.610001,207,198.600006,203.779999,203.779999,9067200
2014-04-14,207.600006,208.440002,194.410004,198.089996,198.089996,7703000
2014-04-15,199.089996,199.289993,184.320007,193.910004,193.910004,13659300
2014-04-16,197,199.990005,190.820007,199.110001,199.110001,7202200
2014-04-17,199.610001,202.289993,194.080002,198.119995,198.119995,5926800
2014-04-21,197.080002,206.199997,194,204.380005,204.380005,5258200
2014-04-22,206.360001,219.330002,205.009995,218.639999,218.639999,9804700
2014-04-23,216.330002,216.740005,207,207.990005,207.990005,7295600
2014-04-24,210.809998,212.800003,203.199997,207.860001,207.860001,5495200
2014-04-25,202,206.699997,197.649994,199.850006,199.850006,6996700
2014-04-28,200,203.789993,190.5,198.509995,198.509995,7042000
2014-04-29,198.210007,207.149994,195.529999,206.919998,206.919998,5779100
2014-04-30,203.600006,208.160004,201.279999,207.889999,207.889999,4440600
2014-05-01,207.080002,214.020004,205.690002,207.729996,207.729996,5439900
2014-05-02,208.600006,211.360001,206.520004,210.910004,210.910004,4086800
2014-05-05,209.479996,217.690002,208.520004,216.610001,216.610001,5147000
2014-05-06,216.600006,218.660004,206.850006,207.279999,207.279999,5636700
2014-05-07,209.639999,210.199997,197.25,201.350006,201.350006,10179300
2014-05-08,182,194.399994,178,178.589996,178.589996,20056600
2014-05-09,179.860001,183.399994,177.220001,182.259995,182.259995,8495200
2014-05-12,183.869995,187.190002,179.880005,184.669998,184.669998,7002300
2014-05-13,183.759995,191.339996,183,190.160004,190.160004,7097200
2014-05-14,188.949997,193.479996,187.100006,190.619995,190.619995,5406700
2014-05-15,189.979996,192.660004,185.300003,188.589996,188.589996,6040400
2014-05-16,188.949997,192.039993,187.720001,191.559998,191.559998,4487700
2014-05-19,190.720001,196.889999,190,196.089996,196.089996,4571700
2014-05-20,196.940002,199.330002,193.070007,195.300003,195.300003,5546100
2014-05-21,196.179993,199.869995,194.789993,199.449997,199.449997,5285400
2014-05-22,200.350006,206.880005,199.559998,204.880005,204.880005,6214500
2014-05-23,204.529999,207.759995,202.5,207.300003,207.300003,4006800
2014-05-27,208.520004,213.869995,207.699997,211.559998,211.559998,5341100
2014-05-28,210.020004,212.770004,205.259995,210.240005,210.240005,5495100
2014-05-29,210.570007,212.490005,207.720001,210.240005,210.240005,3692500
2014-05-30,210.300003,214.800003,207.020004,207.770004,207.770004,5581100
2014-06-02,207.330002,209.350006,201.669998,204.699997,204.699997,4668100
2014-06-03,203.490005,208,202.589996,204.940002,204.940002,3860800
2014-06-04,204.350006,206.259995,200.399994,203.990005,203.990005,3427400
2014-06-05,204.470001,209.199997,204.050003,206.899994,206.899994,4054600
2014-06-06,209.75,210.809998,207.179993,208.169998,208.169998,3073800
2014-06-09,207.949997,209.990005,204.199997,205.309998,205.309998,2805700
2014-06-10,204.429993,206.970001,201.550003,202.300003,202.300003,3514700
2014-06-11,201.5,205,199.25,204.470001,204.470001,3977500
2014-06-12,205.100006,209.880005,202.710007,203.520004,203.520004,5993700
2014-06-13,204.779999,206.789993,201.580002,206.419998,206.419998,3544300
2014-06-16,206.759995,225.490005,206.259995,224.610001,224.610001,13246400
2014-06-17,224.110001,235.539993,222.850006,231.669998,231.669998,13304900
2014-06-18,231.5,231.710007,226.119995,227.119995,227.119995,6940200
2014-06-19,228.880005,235.309998,227,227.789993,227.789993,8793100
2014-06-20,228.520004,231.289993,226.199997,229.589996,229.589996,4903900
2014-06-23,229.509995,238.990005,228.220001,237.220001,237.220001,7791100
2014-06-24,238.970001,241.880005,231.630005,232.5,232.5,8075900
2014-06-25,233.050003,237.550003,230.240005,236.889999,236.889999,5801600
2014-06-26,237.169998,240.399994,234.210007,235.600006,235.600006,5121400
2014-06-27,234.690002,240,234.5,239.059998,239.059998,5635000
2014-06-30,239.550003,244.490005,239,240.059998,240.059998,4828600
2014-07-01,242.460007,243.440002,238.699997,239.720001,239.720001,4336100
2014-07-02,240.660004,242.330002,227.070007,229.429993,229.429993,8027400
2014-07-03,231.289993,231.899994,224,229.25,229.25,5166700
2014-07-07,227.5,229.779999,220.399994,222.660004,222.660004,5893700
2014-07-08,218.649994,220.960007,214.270004,219.070007,219.070007,7836200
2014-07-09,221.270004,224.220001,219.210007,223.059998,223.059998,4115400
2014-07-10,217.179993,222.220001,216.039993,219.460007,219.460007,4863900
2014-07-11,220.610001,221.600006,217.600006,218.130005,218.130005,3302300
2014-07-14,219.990005,228.789993,215.449997,226.699997,226.699997,7203200
2014-07-15,226.729996,227.649994,218.100006,219.580002,219.580002,5718500
2014-07-16,221.820007,224.800003,216.820007,217.160004,217.160004,4044500
2014-07-17,216.160004,220.550003,213.600006,215.399994,215.399994,4649400
2014-07-18,215.949997,221.210007,215.929993,220.020004,220.020004,4253700
2014-07-21,217.25,223.210007,216.720001,220.539993,220.539993,3822200
2014-07-22,222.190002,223.300003,219.110001,219.580002,219.580002,2730000
2014-07-23,220.009995,224.75,219.429993,222.490005,222.490005,3083300